Feature,Importance
trip_miles,0.559004437725438
trip_time,0.3148664079434028
pickup_hour,0.1261291543311593
