Feature,Importance
trip_miles,0.7242118663787307
trip_time,0.2664791581248395
pickup_hour,0.0093089754964298
